Product Name,SKU
Laerdal-SonoSim Placeholder Pads,100-2046
Laptops (Dell Rugged),Dell Laptop-Rugged
Zipper Case,100-1015
LSPT Syringe Assembly,LSPT-Syringe-AQS
Mannequin-Use Tag Sheet-Small (Critical Care) (with Ferrite Layer & new design),100-1005-LVS-F
Dell Rugged Pelican Case,100-1011-Rugged
Human-Use Tag Sheet Large (Critical Care),100-1035
Mannequin-Use Tag Sheet Large (Critical Care),100-1036
Human-Use Tag Sheet Large (Trauma Care),100-1037
Mannequin-Use Tag Sheet Large (Trauma Care),100-1038
Human-Use Tag Sheet Large (Cardiac Resuscitation,100-1039
Mannequin-Use Tag Sheet Large (Cardiac Resuscitation),100-1040
Human Use Tag Sheet (Heptaobiliary),100-1050
Mannequin Use Tag Sheet (Heptaobiliary),100-1051
Human Use Tag Sheet (Genitourinary),100-1053
Mannequin-Use Tag Sheet (Genitourinary),100-1054
Master Tag Set-TOP 9500 Adhesive,100-2030
Master Set Mannequin Tags-Bottom 91022 Adhesive,100-2031
Calibration stand,100-2042A
Calibration stand window,100-2042B
Laerdal-SonoSim Probe Adapter,100-2043
Laerdal-SonoSim Needle & Syringe Charger,100-2044
Laerdal-SonoSim Needle & Syringe USB Receiver,100-2045
Probe Housings,504925
Probe Housing:Female-KAS,507355
LS Probe Housing-Male,700001
LS Probe Housing-Female,700002
LS Probe Housing Clip,700003
BOX-LARGE-CARDIAC RESUS,BOX-LARGE-CARDIAC RE
BOX-LARGE-CRITICAL CARE,BOX-LARGE-CRITICAL C
BOX-LARGE-TRAUMA CARE,BOX-LARGE-TRAUMA CAR
Box for LS Tags (Genitourinary),Box-Tags-Genitourina
Box for LS Tags (Hepatobiliary),Box-Tags-Hepatobilia
LS Tag - 01,LS Tag - 01
LS Tag - 02,LS Tag - 02
LS Tag - 03,LS Tag - 03
LS Tag - 04,LS Tag - 04
LS Tag - 05,LS Tag - 05
LS Tag - 06,LS Tag - 06
LS Tag - 07,LS Tag - 07
LS Tag - 08,LS Tag - 08
LS Tag - 09,LS Tag - 09
LS Tag - 10,LS Tag - 10
LS Tag - 11,LS Tag - 11
LS Tag - 12,LS Tag - 12
LS Tag - 13,LS Tag - 13
LS Tag - 14,LS Tag - 14
LS Tag - 15,LS Tag - 15
LS Tag - 16,LS Tag - 16
LS Tag - 17,LS Tag - 17
LS Tag - 18,LS Tag - 18
LS Tag - 19,LS Tag - 19
LS Tag - 20,LS Tag - 20
LS Tag - LG,LS Tag - LG
LS Tag - RG,LS Tag - RG
LS White Tag - 01,LS White Tag - 01
LS White Tag - 02,LS White Tag - 02
LS White Tag - 03,LS White Tag - 03
LS White Tag - 04,LS White Tag - 04
LS White Tag - 05,LS White Tag - 05
LS White Tag - 06,LS White Tag - 06
LS White Tag - 07,LS White Tag - 07
LS White Tag - 08,LS White Tag - 08
LS White Tag - 09,LS White Tag - 09
LS White Tag - 10,LS White Tag - 10
LS White Tag - 11,LS White Tag - 11
LS White Tag - 12,LS White Tag - 12
LS White Tag - 13,LS White Tag - 13
LS White Tag - 14,LS White Tag - 14
LS White Tag - 15,LS White Tag - 15
LS White Tag - 16,LS White Tag - 16
LS White Tag - 17,LS White Tag - 17
LS White Tag - 18,LS White Tag - 18
LS White Tag - 19,LS White Tag - 19
LS White Tag - 20,LS White Tag - 20
LS White Tag - 21,LS White Tag - 21
LS White Tag - 22,LS White Tag - 22
LS White Tag - 23,LS White Tag - 23
LS White Tag - 24,LS White Tag - 24
LS White Tag - 25,LS White Tag - 25
LS White Tag - 26,LS White Tag - 26
Custom Foam in Pelican Case,PELCN-F-V1
INLB Probe Sticker,CELLOTAPE-4540
Dell Rugged Laptop-5430,Dell Rugged Laptop-5430
Human - Ocular Tag Sheet,100-1056
Mannequin - Ocular Tag Sheet,100-1057
Human - Infant Neurosonography Tag Sheet,100-1061
Mannequin - Infant Neurosonography Tag Sheet,100-1062
Box-Large-Ocular,Box-Large-Ocular
Box-Tags-Infant Neurosonography,Box-Tags-Infant Neur
Master Tag Set-TOP (Ferrite Layer),100-2030-F
Premium Laptop (HP 17),HP Laptop 17-by2053c
431178181,
SLS-UPID-UKCA,SLS-UPID-UKCA
HP Laptop-G10,No SKU
M1-Mini,SM-MN-EX-SH
Endocavitary Attachment,Endocavitary Attachment
Dell Rugged Laptop-5424,No SKU
SonoSim LiveScan Zipper Case,100-1013
HP Probook 460,HP Probook 460
Metallic Rectangular Domed Badges (Outer Pelican Case Sticker),
Ferrite Split Round Cable,Ferrit-Split-Round-Cable
Premium Edition Cases,100-1011-SIMCTR
Critical Care - Human Tags,100-1004
Critical Care - Mannequin Tags,100-1005
Trauma Care - Human Tags,100-1006
Trauma Care - Mannequin Tags,100-1007
Cardiac Resuscitation - Human Tags,100-1015-LVS
Cardiac Resuscitation - Mannequin Tags,100-1016
Early Stage Pregnancy - Human Tags,100-1017
Early Stage Pregnancy - Mannequin Tags,100-1018
Late Stage Pregnancy - Human Tags,100-1019
Late Stage Pregnancy - Mannequin Tags,100-1020
Master Set - Human Tags,100-2023
Manikin-Use Tag Sheet - Master Set,100-2024
Trauma Care - Box,Box-Tags-Trauma Care
Cardiac Resuscitation - Box,Box-Tags-Cardiac Res
Box-Tags-Early Stage Preg,No SKU
Box-Tags-Late Stage Preg,No SKU
Plain - Box,Box-Tags-Plain
Master Set - Box,Box-Tags-Master
Regular Probes V6,PROBE-INLB-V6
LiveScan Probes V6,540831-V6
Edition Cases,PELCN-V1
LS TrackPad,100-2041
Scan pads,100-1034